,source,target
0,6057,14499
1,6057,6186
2,6057,6101
3,6057,6205
4,6057,15456
5,6057,6189
6,6057,6076
7,6057,17183
8,6057,6082
9,6057,6111
10,6057,6195
11,6057,6091
12,6057,6166
13,6057,6228
14,6057,17180
15,6057,6252
16,6057,6130
17,6057,6116
18,6057,6040
19,6057,14537
20,6057,6120
21,6057,6118
22,6057,17226
23,6057,6171
24,6057,6030
25,6057,15793
26,6057,6245
27,6057,51
28,6057,15455
29,6057,6159
30,6057,6043
31,6057,17177
32,6057,6241
33,6057,4164
34,6057,15970
35,6057,6035
36,6057,17227
37,6057,17179
38,6057,6191
39,6057,14536
40,6057,6209
41,6057,17229
42,6057,6024
43,6057,6068
44,6057,17063
45,6057,6155
46,6057,14782
47,6057,6149
48,6057,6182
49,6057,15145
50,6057,6063
51,6057,6084
52,6057,6109
53,6057,6223
54,6057,14779
55,6057,15944
56,6057,6046
57,6057,14781
58,6057,6124
59,6057,6115
60,6057,6126
61,6057,6227
62,6057,14527
63,6057,14783
64,6057,6192
65,6057,6117
66,6057,6160
67,6057,6215
68,6057,6213
69,6057,6089
70,6057,15843
71,6057,14864
72,6057,6201
73,6057,6168
74,6057,14619
75,6057,6075
76,6057,14012
77,6057,6059
78,6057,6233
79,6057,12351
80,6057,6147
81,6057,6230
82,6057,6202
83,6057,1121
84,6057,6176
85,6057,6128
86,6057,6112
87,6057,6165
88,6057,15475
89,6057,6172
90,6057,17997
91,6057,17998
92,6057,18000
93,6057,18001
94,6057,18002
95,6057,18004
96,6057,18020
97,6057,6108
98,6057,6129
99,6057,6153
100,6057,6198
101,6057,17257
102,6057,6100
103,6057,6177
104,6057,17061
105,6057,6093
106,6057,6032
107,6057,15971
108,6057,6079
109,6057,6169
110,6057,6105
111,6057,6162
112,6057,18180
113,6057,18181
114,6057,18182
115,6057,15249
116,6057,17076
117,6057,17077
118,6057,17260
119,6057,17256
120,6057,6148
121,6057,6034
122,6057,15842
123,6057,6179
124,6057,6281
125,6057,6085
126,6057,17521
127,6057,6054
128,6057,6041
129,6057,6049
130,6057,6066
131,6057,14476
132,6057,1931
133,6057,6163
134,6057,6217
135,1790,1871
136,1790,1892
137,1790,1429
138,1790,14096
139,1790,1959
140,1790,1849
141,1871,14506
142,1871,7215
143,1871,17218
144,1871,5027
145,1871,7217
146,1871,14057
147,1847,1900
148,1847,1818
149,1847,1834
150,1847,1848
151,1847,17266
152,1847,1913
153,1847,1921
154,1847,6365
155,1847,1409
156,1847,1837
157,1847,1785
158,1847,1953
159,1847,1901
160,1847,1826
161,1847,1864
162,1847,1931
163,7543,7591
164,7543,7531
165,7543,448
166,7543,18122
167,7543,7597
168,7543,1106
169,7543,7539
170,7543,7551
171,7543,7588
172,7543,14951
173,7543,14592
174,7543,7599
175,7543,7617
176,7543,7600
177,7531,7022
178,7531,17232
179,7531,2988
180,7531,7616
181,7531,2816
182,7531,7552
183,7531,7557
184,7531,18123
185,7058,11948
186,7058,3221
187,7058,7066
188,7058,10185
189,7058,7024
190,7058,1104
191,7058,10195
192,7058,7076
193,7058,7059
194,7058,5309
195,7058,16014
196,7058,7072
197,7058,2562
198,7058,10186
199,7058,1122
200,7058,2819
201,7058,7411
202,7058,10854
203,7058,14884
204,11948,10184
205,11948,11944
206,3221,3385
207,7066,12011
208,7066,1121
209,5314,12008
210,5314,6389
211,5314,2979
212,5314,7218
213,5314,1570
214,5314,7074
215,5314,7059
216,5314,18230
217,5314,7014
218,5314,7072
219,5314,10190
220,5314,5215
221,5314,7219
222,5314,7411
223,5314,10854
224,12008,5304
225,12008,2266
226,12008,11934
227,12008,17433
228,12008,3465
229,6389,6306
230,2979,1431
231,2979,11941
232,2979,2818
233,2979,2982
234,2979,7215
235,2979,2816
236,2979,2266
237,7218,10963
238,7218,17592
239,7218,10182
240,7218,11946
241,7218,10179
242,7218,7216
243,458,485
244,458,389
245,458,14647
246,458,14956
247,458,18047
248,458,18123
249,458,464
250,458,470
251,485,508
252,7586,7558
253,7586,2520
254,7586,2556
255,7586,7603
256,7586,7561
257,7586,2539
258,7586,7599
259,7586,7617
260,7558,7589
261,14523,559
262,14523,14515
263,14523,1120
264,14523,17913
265,14523,641
266,559,550
267,17019,9335
268,17019,9329
269,17019,15332
270,9335,17833
271,9335,9347
272,9335,9285
273,7590,7585
274,7590,15160
275,7590,15081
276,7590,2188
277,7590,3458
278,7590,7563
279,7590,3509
280,7590,7532
281,7590,7539
282,7590,3508
283,7590,7588
284,7590,14951
285,7590,1122
286,7590,2265
287,7590,7594
288,15160,2982
289,15160,3507
290,15160,14428
291,15160,7562
292,15160,3457
293,15160,3461
294,15160,3509
295,15160,2981
296,622,1122
297,622,643
298,622,553
299,622,1654
300,622,618
301,1122,508
302,1122,9036
303,1122,1881
304,17462,17428
305,17462,9036
306,17462,1596
307,17462,9098
308,17428,9098
309,17354,2761
310,17354,2758
311,17354,2668
312,17354,2797
313,17354,2771
314,17354,2638
315,17354,2664
316,17354,2603
317,2761,2793
318,17468,9328
319,17468,9256
320,17468,9345
321,9328,15480
322,9328,7945
323,17469,15480
324,17469,9273
325,17469,9332
326,17469,9341
327,15480,9302
328,15480,9323
329,17470,14918
330,17470,9346
331,17470,17215
332,17470,9272
333,17470,7863
334,17470,9268
335,14918,9317
336,14918,17480
337,13034,3438
338,13034,13037
339,13034,10589
340,13034,3440
341,13034,1575
342,13034,18154
343,13034,3441
344,13034,2230
345,13034,1566
346,13034,3439
347,3438,3420
348,7940,7865
349,7940,17483
350,7940,199
351,7865,636
352,15790,1119
353,15790,9508
354,15790,1882
355,15790,9491
356,15790,17904
357,15790,2771
358,1119,7804
359,1119,2500
360,1119,409
361,1119,7022
362,1119,73
363,1119,1206
364,1119,6364
365,14621,9022
366,14621,9033
367,14621,9120
368,9022,9008
369,9022,1573
370,9022,9035
371,9022,9016
372,10532,10571
373,10532,10553
374,10532,10616
375,10532,10530
376,10532,10538
377,10532,10581
378,10532,10523
379,10532,10583
380,10532,10613
381,10532,10510
382,10532,1654
383,10571,10513
384,10571,10528
385,396,17600
386,396,460
387,396,468
388,396,15852
389,396,423
390,396,395
391,17600,394
392,3385,15488
393,3385,3433
394,3385,15963
395,3385,3245
396,3385,3254
397,3385,595
398,3385,3439
399,3385,3446
400,3385,3445
401,3385,14820
402,3385,3216
403,3385,3449
404,15488,3244
405,15488,15882
406,15488,3440
407,15488,3389
408,1881,1814
409,1881,1120
410,1881,3773
411,1881,4512
412,1881,1599
413,1881,5211
414,1881,449
415,1881,1885
416,1881,4425
417,1881,1027
418,1881,17507
419,1881,1204
420,1881,4418
421,1881,1602
422,1881,1927
423,1881,15258
424,1881,1849
425,1881,2501
426,1881,1897
427,1814,1885
428,1814,15518
429,1814,1955
430,1814,1795
431,1814,1803
432,1120,6364
433,1120,6351
434,1120,14778
435,1120,14507
436,1120,1022
437,1120,584
438,1120,7070
439,1120,5511
440,1120,73
441,1120,3775
442,1120,1215
443,1120,1431
444,3773,3762
445,3773,1029
446,3773,1431
447,4512,4484
448,2752,2747
449,2752,2608
450,2752,2795
451,2752,2784
452,2752,2790
453,2747,2637
454,2747,2796
455,389,397
456,15789,1865
457,15789,9405
458,15789,7010
459,15789,9397
460,15789,1864
461,15789,9401
462,15789,17949
463,1865,14792
464,1865,5511
465,9405,14506
466,7022,5309
467,7022,7074
468,7022,1517
469,7022,7101
470,7022,18231
471,7022,2463
472,7022,12013
473,7022,7016
474,7022,7057
475,7022,10855
476,7022,200
477,7022,7025
478,7022,2265
479,5309,1023
480,2497,8297
481,2497,18318
482,8297,8260
483,8297,14795
484,8297,15141
485,8297,8279
486,8297,18155
487,8297,8321
488,8297,14546
489,8297,8388
490,3743,3728
491,3743,3768
492,3743,3738
493,3743,3764
494,3743,3811
495,3728,3820
496,3728,3807
497,3728,3726
498,3728,3788
499,10607,10520
500,10607,17033
501,10607,10527
502,10607,10514
503,10607,10609
504,10607,10519
505,10607,10517
506,10607,10562
507,10520,10563
508,10520,10593
509,601,556
510,601,636
511,601,15044
512,601,647
513,601,535
514,556,15418
515,508,507
516,508,427
517,508,17162
518,9087,9101
519,9087,9106
520,9101,623
521,9101,9010
522,9101,17466
523,9101,449
524,11939,5304
525,11939,15027
526,11939,7023
527,11939,7042
528,11939,7057
529,11939,11931
530,11939,3508
531,11939,12005
532,11939,7221
533,11939,3503
534,11939,2819
535,5304,2818
536,5304,12021
537,15027,915
538,15027,12015
539,15027,17127
540,15027,11945
541,15027,16142
542,15027,11938
543,15027,11947
544,15027,12028
545,15027,923
546,14958,449
547,14958,495
548,14958,487
549,14958,16110
550,14958,393
551,449,5511
552,449,1215
553,449,4998
554,449,531
555,449,1216
556,449,15205
557,449,5306
558,449,3440
559,449,15241
560,449,7604
561,449,14840
562,449,446
563,449,6330
564,449,1019
565,449,16087
566,449,450
567,449,9498
568,449,484
569,315,3456
570,315,5924
571,315,5802
572,315,1582
573,315,17517
574,315,313
575,315,4423
576,315,5928
577,3456,3498
578,3456,15026
579,3456,12018
580,3456,11944
581,3456,3455
582,5924,4498
583,5924,7100
584,14517,14522
585,14517,561
586,14517,606
587,14522,7903
588,14522,612
589,14522,551
590,14506,5384
591,14506,4614
592,14506,2600
593,14506,2527
594,7220,5212
595,7220,1430
596,7220,7412
597,7220,7414
598,7220,5313
599,7220,2461
600,7220,7221
601,7220,7219
602,7220,10186
603,5212,7068
604,5212,1206
605,1430,5433
606,1430,15029
607,1430,926
608,1430,14821
609,1430,11935
610,1430,1431
611,1430,1839
612,1430,4489
613,7412,8317
614,7412,7413
615,7412,6895
616,7412,12009
617,7412,5207
618,17344,8321
619,17344,1608
620,17344,8199
621,17344,8214
622,17344,16014
623,17344,8345
624,17344,8408
625,17344,17312
626,17344,2562
627,17344,8195
628,17344,8394
629,9329,9344
630,9329,9308
631,9329,9277
632,9329,9349
633,1818,1811
634,1818,1933
635,9036,9116
636,9036,17429
637,9036,18318
638,9036,8998
639,9036,8996
640,9302,9240
641,9302,9315
642,9302,7866
643,9323,9327
644,9323,7859
645,9323,9334
646,9323,201
647,497,417
648,497,394
649,497,17167
650,417,403
651,4435,312
652,4435,14504
653,4435,17880
654,4435,4415
655,312,4606
656,312,584
657,312,5804
658,9287,7862
659,9287,17482
660,9287,9338
661,9287,7941
662,7862,9284
663,9239,7944
664,9239,9280
665,9239,14639
666,9239,17457
667,7944,9322
668,11935,14542
669,11935,3463
670,11935,2105
671,11935,3510
672,11935,11928
673,11935,12017
674,11935,2981
675,11935,1427
676,11935,11932
677,11935,10076
678,11935,5205
679,11935,10190
680,11935,3504
681,11935,2600
682,14542,5310
683,14542,7008
684,14542,7410
685,14542,11937
686,14542,7017
687,14542,10959
688,3463,17433
689,3463,2980
690,3463,913
691,2105,1596
692,2105,14004
693,9263,14637
694,14637,6361
695,14637,9280
696,14637,9326
697,14637,9331
698,9510,9408
699,9510,9402
700,9408,9403
701,9408,9387
702,9408,5928
703,2630,2615
704,2630,18286
705,2630,2813
706,2615,2655
707,14515,563
708,14515,587
709,413,464
710,413,18126
711,413,428
712,403,14764
713,403,18124
714,403,390
715,14764,498
716,9000,9112
717,9000,14628
718,9000,15762
719,9000,9127
720,9112,17214
721,8260,8305
722,8260,14580
723,8260,2558
724,8260,1589
725,8260,15143
726,8260,14769
727,8260,17888
728,8260,8208
729,8260,8200
730,8260,8389
731,8305,8423
732,9270,14638
733,9270,9350
734,14638,9273
735,14959,470
736,14959,448
737,14959,439
738,15377,326
739,15377,5806
740,15377,327
741,15377,5918
742,15377,310
743,15377,18288
744,15377,1580
745,15377,4474
746,15377,17904
747,10083,7067
748,10083,10147
749,10083,2982
750,10083,10185
751,10083,10069
752,10083,7016
753,10083,5206
754,10083,10076
755,10083,12005
756,10083,7025
757,7067,7026
758,7067,10196
759,10147,14130
760,10147,8190
761,10147,10196
762,9118,9015
763,9118,1103
764,9015,15447
765,9015,9130
766,9099,9089
767,9099,9107
768,9089,17461
769,9089,9108
770,76,3397
771,76,1203
772,76,1110
773,76,1121
774,76,442
775,76,7064
776,76,7017
777,76,1574
778,76,1106
779,76,2230
780,3397,3378
781,1203,73
782,1203,1106
783,1203,1022
784,1203,10561
785,1203,10594
786,1203,10525
787,1203,2555
788,1203,1103
789,1203,1017
790,1203,1605
791,1110,1211
792,1110,15266
793,1110,540
794,1110,7011
795,1110,1011
796,1110,450
797,1110,455
798,1121,1015
799,1121,1031
800,1121,1830
801,1121,3277
802,1121,6337
803,1121,7589
804,1121,473
805,1121,9027
806,1121,1212
807,1121,14554
808,8317,8388
809,8317,8279
810,8317,8257
811,8317,5312
812,8317,10078
813,8317,10182
814,8317,7409
815,8317,8387
816,8317,15312
817,8317,10183
818,8317,8391
819,8317,7042
820,8317,8214
821,8317,5205
822,8317,7221
823,8388,8400
824,8279,4162
825,6361,6307
826,6361,51
827,6361,1105
828,6361,7062
829,6361,7068
830,6361,7020
831,6361,15313
832,6361,1103
833,6361,7019
834,6361,310
835,6361,18318
836,6361,1106
837,6361,7016
838,6361,7057
839,6361,5205
840,6361,6328
841,6361,199
842,6361,595
843,6361,6391
844,6361,6309
845,6361,200
846,6307,6317
847,51,73
848,51,1575
849,51,7059
850,1105,1206
851,1105,73
852,1105,9495
853,1105,1586
854,1105,5210
855,1105,5208
856,1105,450
857,1105,1581
858,1105,15079
859,1105,1029
860,1105,6683
861,14578,8415
862,14578,8271
863,14578,8207
864,14578,2506
865,14578,8373
866,14578,17890
867,14578,18302
868,8415,8210
869,8415,8371
870,8271,17404
871,8271,8269
872,8271,8283
873,8271,8239
874,8271,2559
875,9350,9300
876,9350,9316
877,9350,9274
878,9350,17845
879,4422,4492
880,4422,4493
881,4422,2355
882,4422,4507
883,4422,17879
884,4422,17506
885,4422,4419
886,4492,4511
887,9403,9493
888,9403,6524
889,5738,15535
890,15535,9091
891,15535,5649
892,15535,9104
893,479,390
894,479,2500
895,479,16088
896,479,509
897,479,1106
898,3729,17476
899,3729,3795
900,3729,5809
901,3729,5918
902,3729,17249
903,3729,17475
904,15206,18223
905,15206,15204
906,15206,17868
907,15206,595
908,18223,14889
909,10549,10616
910,10549,10518
911,10549,10578
912,10549,10602
913,10549,10552
914,10549,15752
915,15043,15205
916,15043,15134
917,15043,5205
918,15205,603
919,926,3510
920,926,16142
921,926,913
922,926,918
923,926,3508
924,926,3504
925,3510,927
926,3510,3469
927,3510,7589
928,3510,14012
929,3510,440
930,3510,14760
931,3510,917
932,3510,17433
933,3510,3506
934,3510,7101
935,3510,11927
936,3510,1103
937,3510,11928
938,3510,3462
939,3510,12016
940,9284,9327
941,9284,9298
942,3266,4611
943,3266,7057
944,3266,3400
945,3266,3409
946,4611,18185
947,4611,16080
948,4611,4601
949,4611,3394
950,4611,15148
951,4611,3437
952,4611,1579
953,4611,10389
954,4611,10355
955,4611,3447
956,4611,10358
957,927,903
958,927,916
959,927,915
960,927,15276
961,927,923
962,927,933
963,3228,3410
964,3228,10358
965,3410,15264
966,3410,3450
967,3410,3212
968,3410,3258
969,3410,5315
970,206,2789
971,206,6412
972,206,6347
973,206,10957
974,206,10858
975,206,6386
976,206,10961
977,206,10534
978,206,10959
979,206,10580
980,206,10612
981,206,10600
982,206,10955
983,206,10614
984,206,15993
985,206,15955
986,206,10566
987,2789,2635
988,6412,6344
989,6412,6346
990,6347,7064
991,6347,14848
992,473,14056
993,473,2557
994,473,480
995,14056,1851
996,14056,14091
997,14056,1781
998,14056,436
999,14056,1887
1000,14056,15848
1001,14056,17751
1002,14056,1566
1003,1597,1565
1004,1597,2229
1005,1597,14794
1006,1597,15932
1007,1565,5513
1008,1565,8331
1009,2229,1573
1010,2229,18154
1011,2229,1582
1012,2229,13036
1013,14794,2537
1014,14794,8319
1015,14795,8385
1016,14795,1664
1017,14795,16085
1018,6524,18122
1019,6524,10610
1020,6524,10606
1021,6524,10557
1022,18122,73
1023,18122,1876
1024,18122,14485
1025,18122,409
1026,18122,3725
1027,18122,6371
1028,18122,5511
1029,18122,6364
1030,10610,10604
1031,3448,3274
1032,3448,3415
1033,3274,14604
1034,3274,3402
1035,6317,5006
1036,6317,6396
1037,6317,18123
1038,6317,18316
1039,6317,6375
1040,5006,6351
1041,5006,5511
1042,9273,9317
1043,9273,9330
1044,15787,9399
1045,15787,9503
1046,9399,9500
1047,9399,1882
1048,9399,9505
1049,3742,3805
1050,3742,3794
1051,3742,3783
1052,3742,3787
1053,3742,3753
1054,3805,3775
1055,1851,1838
1056,1851,1828
1057,14091,1856
1058,14091,1848
1059,2537,2557
1060,2537,1106
1061,2537,7686
1062,1846,1939
1063,1846,5433
1064,1846,15895
1065,1846,1792
1066,1846,1799
1067,1939,1891
1068,1939,1894
1069,5433,17995
1070,5433,1836
1071,2549,2524
1072,2524,17608
1073,2524,2547
1074,636,7867
1075,636,644
1076,636,543
1077,636,7866
1078,7867,7947
1079,7867,638
1080,7867,9310
1081,7867,540
1082,15268,3444
1083,15268,3452
1084,15268,3255
1085,15268,3261
1086,15268,3233
1087,15268,3379
1088,15268,7042
1089,15268,3422
1090,15268,3436
1091,3444,14815
1092,15519,1856
1093,15519,15518
1094,15519,1910
1095,15519,1929
1096,15519,1895
1097,15519,1935
1098,15519,1901
1099,15519,1813
1100,1856,1852
1101,15518,1958
1102,15518,1906
1103,15518,1936
1104,2462,2515
1105,2462,10959
1106,2462,3458
1107,2462,7102
1108,2462,5306
1109,2462,10078
1110,2462,7076
1111,2462,3468
1112,2462,11929
1113,2462,11941
1114,2462,7017
1115,2462,2104
1116,2462,10955
1117,2462,7210
1118,2462,2461
1119,2515,8385
1120,3458,15026
1121,73,2500
1122,73,2986
1123,73,1869
1124,73,2811
1125,73,7021
1126,73,7101
1127,73,5009
1128,73,1032
1129,73,1208
1130,73,7211
1131,73,1104
1132,73,10355
1133,1106,15399
1134,1106,7071
1135,1106,13193
1136,1106,1206
1137,1022,1206
1138,1022,1603
1139,9095,9127
1140,9095,17463
1141,9095,9092
1142,9126,9132
1143,9126,9027
1144,9132,9110
1145,9132,9128
1146,9132,9020
1147,9132,9007
1148,486,420
1149,486,14841
1150,486,421
1151,420,462
1152,420,425
1153,420,443
1154,14848,15954
1155,14848,17115
1156,15954,15404
1157,16114,6370
1158,16114,6405
1159,16114,6342
1160,16114,207
1161,16114,6397
1162,6370,5027
1163,6370,6399
1164,4511,10355
1165,4511,2561
1166,4511,4426
1167,4511,4485
1168,4511,5313
1169,10355,15354
1170,17404,8423
1171,17404,8233
1172,17404,14182
1173,17404,8353
1174,17404,8362
1175,17404,1719
1176,8423,8319
1177,8423,2503
1178,16082,3441
1179,16082,3412
1180,16082,3243
1181,16082,3269
1182,3441,15266
1183,3441,3443
1184,3815,3759
1185,3815,3762
1186,3815,3766
1187,3759,3769
1188,1206,1028
1189,1206,1882
1190,1206,10537
1191,1206,1204
1192,1028,5307
1193,1028,8759
1194,1028,1016
1195,15404,6394
1196,15404,6382
1197,15404,6308
1198,15404,6392
1199,15404,18126
1200,6394,6313
1201,6394,6314
1202,6394,6402
1203,2498,7023
1204,2498,8362
1205,7023,6346
1206,7023,7071
1207,8362,14591
1208,13193,6896
1209,13193,6384
1210,13193,6365
1211,13193,5206
1212,13193,15401
1213,6896,1567
1214,6896,10266
1215,6896,6895
1216,6896,14139
1217,6896,14847
1218,6896,10265
1219,6896,17992
1220,6896,1587
1221,6896,1591
1222,6896,6897
1223,6896,6901
1224,6896,6401
1225,1583,1019
1226,1583,7414
1227,1583,18318
1228,1019,1214
1229,1019,1107
1230,7414,10860
1231,7414,10196
1232,15399,15895
1233,15399,1909
1234,15399,1813
1235,15895,1926
1236,15895,1793
1237,15895,1836
1238,1909,1822
1239,1909,1840
1240,1909,1876
1241,14586,8331
1242,14586,8289
1243,14586,8350
1244,14586,8352
1245,14586,8304
1246,14586,2461
1247,8331,8259
1248,8331,14555
1249,8331,8364
1250,8331,8184
1251,15091,8373
1252,15091,6681
1253,15091,14577
1254,15091,2508
1255,15091,8307
1256,15091,8221
1257,8373,6683
1258,7071,7024
1259,7071,7062
1260,7071,5206
1261,7024,15282
1262,7024,12007
1263,7024,14970
1264,7024,1579
1265,10515,10618
1266,10515,10551
1267,10618,10516
1268,9500,2544
1269,9240,18263
1270,12015,7062
1271,12015,2599
1272,574,580
1273,574,14889
1274,574,633
1275,574,557
1276,574,543
1277,3760,16192
1278,3760,3774
1279,16192,17132
1280,5384,9496
1281,5384,15520
1282,5384,9397
1283,5384,15209
1284,8385,8381
1285,8385,8225
1286,8385,14769
1287,8385,2516
1288,8385,14575
1289,8385,18313
1290,8385,18298
1291,8381,17345
1292,8400,8413
1293,8400,14527
1294,8400,14129
1295,8400,2507
1296,8400,2514
1297,8400,18299
1298,8400,18303
1299,8400,8223
1300,8413,8228
1301,8413,8187
1302,1899,1963
1303,1899,15903
1304,1899,1794
1305,1963,1877
1306,1963,1815
1307,7619,17233
1308,7619,2982
1309,7619,7529
1310,7619,7536
1311,7619,7621
1312,7619,18126
1313,7619,443
1314,7619,7541
1315,7619,7532
1316,7619,7576
1317,7619,7595
1318,2982,17232
1319,2982,12023
1320,2982,14004
1321,2982,7211
1322,2982,7620
1323,2982,2817
1324,2982,3461
1325,2982,7546
1326,2982,2104
1327,2982,2981
1328,17096,14624
1329,17096,7686
1330,14624,9027
1331,2637,2801
1332,2637,2666
1333,1023,1021
1334,1023,1025
1335,1023,10615
1336,1023,1880
1337,1023,1213
1338,1023,14574
1339,1023,10617
1340,1023,1027
1341,1023,10582
1342,1023,5206
1343,1025,1107
1344,1025,1210
1345,1025,10596
1346,1025,16119
1347,6364,5206
1348,6364,14849
1349,6364,14554
1350,6364,1104
1351,6364,5009
1352,6364,1562
1353,6364,5310
1354,14849,6318
1355,14849,5009
1356,9017,9111
1357,9017,9029
1358,9017,17458
1359,9017,15447
1360,14591,7553
1361,14591,18311
1362,14591,17346
1363,14591,14529
1364,14591,8339
1365,14591,8313
1366,14591,1719
1367,7553,7549
1368,15354,1655
1369,15354,5806
1370,15354,4428
1371,15354,17517
1372,15354,17516
1373,15354,2559
1374,15354,1427
1375,15354,5928
1376,15354,4403
1377,1655,442
1378,1655,7100
1379,1655,10543
1380,1655,10577
1381,1655,1517
1382,1655,7101
1383,5806,4506
1384,5806,3775
1385,4414,2354
1386,4414,14508
1387,4414,4480
1388,4414,18287
1389,2354,15563
1390,2354,17516
1391,2354,4992
1392,2354,4441
1393,2354,4440
1394,2354,17592
1395,3725,442
1396,3725,3792
1397,3725,15312
1398,3725,18108
1399,3725,3771
1400,3725,443
1401,442,7618
1402,442,388
1403,442,446
1404,442,455
1405,442,1604
1406,442,432
1407,442,18123
1408,442,18126
1409,442,1587
1410,3792,18106
1411,3792,3802
1412,8257,8402
1413,8257,14585
1414,8257,1563
1415,8257,14132
1416,8257,2561
1417,8257,14531
1418,8402,8210
1419,14576,8417
1420,14576,8187
1421,14576,8319
1422,14576,8412
1423,14576,17889
1424,8417,15743
1425,8417,17346
1426,8417,8356
1427,8417,1570
1428,1841,14508
1429,1841,14785
1430,1841,597
1431,1841,1910
1432,1841,18128
1433,1841,1945
1434,14508,1893
1435,14508,9493
1436,14508,1908
1437,14057,1951
1438,14057,14430
1439,14057,14788
1440,1951,1958
1441,1951,1877
1442,9011,9122
1443,9011,14620
1444,9011,8994
1445,9011,15552
1446,9122,9027
1447,15948,17246
1448,15948,5921
1449,15948,3741
1450,14585,15344
1451,14585,8407
1452,14585,8421
1453,18185,1214
1454,18185,1429
1455,16080,15088
1456,16080,16111
1457,4601,10392
1458,4601,3437
1459,3443,3260
1460,3443,3435
1461,3443,3264
1462,3443,3411
1463,3260,3232
1464,3260,3434
1465,17214,9004
1466,17214,9104
1467,9004,9019
1468,1898,18128
1469,1898,1896
1470,1898,1957
1471,1898,6281
1472,1896,1855
1473,1877,1429
1474,1877,2550
1475,1877,1834
1476,1877,4503
1477,1877,4504
1478,1877,1907
1479,1877,9402
1480,2519,2985
1481,2985,2517
1482,2985,7615
1483,1581,3780
1484,1581,1592
1485,1581,2464
1486,1581,1609
1487,1581,1564
1488,3780,3820
1489,1592,2548
1490,2464,5211
1491,2464,8299
1492,2464,12004
1493,14792,1854
1494,14792,1827
1495,14792,14437
1496,14792,1409
1497,1854,14785
1498,2629,2805
1499,2629,15329
1500,2629,2621
1501,2629,2786
1502,2629,2798
1503,2805,6351
1504,2805,17355
1505,2805,2770
1506,12011,11951
1507,12011,12027
1508,12011,11940
1509,12011,2598
1510,12011,11936
1511,11951,12006
1512,11951,7100
1513,465,596
1514,596,593
1515,596,584
1516,596,430
1517,596,1579
1518,14815,3411
1519,14815,3395
1520,14815,3425
1521,14815,15877
1522,14815,10389
1523,466,440
1524,440,388
1525,440,15364
1526,3775,1029
1527,3775,15563
1528,3775,1915
1529,3775,2523
1530,3775,1030
1531,3775,17592
1532,3775,3748
1533,3775,3747
1534,3775,3774
1535,3775,1882
1536,3775,17245
1537,3775,3749
1538,3775,17133
1539,3775,1427
1540,1029,1032
1541,1029,1107
1542,1029,1031
1543,1029,2546
1544,1029,1580
1545,15563,15029
1546,1032,1012
1547,1107,1211
1548,1107,7217
1549,1107,6683
1550,1107,455
1551,1107,15253
1552,1107,2188
1553,1107,7021
1554,1107,1030
1555,1107,10392
1556,2500,1016
1557,2500,4992
1558,2500,5009
1559,2500,455
1560,2500,2513
1561,2986,7612
1562,2986,2987
1563,1869,1894
1564,1869,18126
1565,1869,14439
1566,1869,1936
1567,2811,2616
1568,2811,2748
1569,2811,17347
1570,2811,15685
1571,2811,17741
1572,7021,11934
1573,7021,5210
1574,7021,5312
1575,7021,10563
1576,7101,5307
1577,5009,6351
1578,5009,15164
1579,5009,5027
1580,1786,14919
1581,1786,14463
1582,14919,1823
1583,17479,9241
1584,17479,18260
1585,9241,9247
1586,9241,9243
1587,17483,9322
1588,6371,15292
1589,6371,209
1590,6371,6373
1591,8255,8409
1592,8255,1598
1593,8255,2543
1594,8255,16084
1595,8255,18312
1596,8255,18297
1597,8409,8226
1598,8409,14554
1599,8187,15743
1600,8187,14579
1601,15743,14857
1602,1431,7026
1603,1431,1429
1604,1431,4448
1605,1431,2355
1606,1431,7222
1607,1431,7409
1608,1431,8339
1609,1431,5207
1610,1431,1427
1611,1431,17895
1612,7026,5313
1613,7026,7008
1614,7026,10962
1615,7026,7014
1616,7026,2981
1617,1429,14847
1618,1429,10565
1619,1429,4495
1620,1429,9387
1621,1429,14132
1622,1429,17590
1623,1429,1103
1624,1429,3774
1625,1429,18236
1626,4448,9391
1627,4448,4447
1628,1830,14436
1629,14436,1806
1630,14436,14790
1631,14436,17219
1632,593,14139
1633,593,623
1634,593,450
1635,593,1584
1636,593,14193
1637,593,15965
1638,593,14765
1639,593,1604
1640,593,17597
1641,593,6897
1642,593,437
1643,593,6902
1644,593,17169
1645,14139,1578
1646,14139,10957
1647,14139,10074
1648,14139,2980
1649,623,547
1650,450,6404
1651,450,584
1652,450,5027
1653,450,1104
1654,450,6341
1655,450,15082
1656,450,6311
1657,15082,2816
1658,15082,7616
1659,15082,7554
1660,15082,455
1661,15082,2505
1662,15082,7530
1663,15082,2989
1664,2816,7618
1665,2816,10195
1666,2816,11944
1667,2816,14004
1668,2816,7612
1669,2816,10077
1670,10196,10182
1671,10196,10073
1672,10196,10181
1673,10196,11932
1674,10182,7217
1675,10182,7065
1676,6683,15783
1677,6683,1103
1678,6683,8226
1679,6683,17564
1680,6683,14531
1681,6683,5207
1682,6683,8422
1683,15783,6681
1684,15783,14555
1685,15783,8239
1686,15783,8245
1687,1103,5511
1688,1103,15241
1689,1211,4607
1690,1211,7631
1691,1211,1027
1692,6351,572
1693,6351,6393
1694,6351,1608
1695,6351,6323
1696,6351,327
1697,6351,18124
1698,6351,313
1699,6351,5315
1700,572,14210
1701,572,638
1702,572,15203
1703,6393,6365
1704,6393,6337
1705,6393,6400
1706,14429,14431
1707,14429,1942
1708,14429,1948
1709,14429,1451
1710,14431,17218
1711,16122,1664
1712,16122,8390
1713,16122,14584
1714,16122,8221
1715,16122,8391
1716,1664,8210
1717,2780,2788
1718,2780,2662
1719,2780,17868
1720,3762,3821
1721,3762,3814
1722,3762,3739
1723,3420,3210
1724,3420,3279
1725,3210,3429
1726,5310,12022
1727,7008,5214
1728,7008,9404
1729,7008,14507
1730,15029,4483
1731,15029,14137
1732,1595,1598
1733,1595,15282
1734,1598,17604
1735,1598,1885
1736,1610,3788
1737,1610,2553
1738,1610,15520
1739,1610,4486
1740,1610,2534
1741,2553,8269
1742,15520,7687
1743,1967,1936
1744,1967,1943
1745,15903,18123
1746,15903,1918
1747,15903,1968
1748,18123,5307
1749,18123,6319
1750,18123,5511
1751,18123,14210
1752,17306,4498
1753,17306,4481
1754,17242,1030
1755,17242,2534
1756,1030,1217
1757,1839,1893
1758,1839,1031
1759,1839,1582
1760,1839,582
1761,1839,1887
1762,1839,14788
1763,1893,1828
1764,1893,1861
1765,1893,2506
1766,1893,18225
1767,1031,5216
1768,1031,1212
1769,1031,1884
1770,1031,1020
1771,4408,17516
1772,4408,4436
1773,17516,5804
1774,17516,4992
1775,1212,1016
1776,1016,1208
1777,1822,1843
1778,1822,17218
1779,3244,3227
1780,15866,1593
1781,15866,1577
1782,1593,3819
1783,1593,9103
1784,1593,8419
1785,9114,17466
1786,9114,14623
1787,9114,9039
1788,17466,17467
1789,17466,9019
1790,2749,15209
1791,2749,17097
1792,2749,2642
1793,2749,2654
1794,2749,2622
1795,15209,2645
1796,3414,3389
1797,3414,14603
1798,3414,3407
1799,3414,3396
1800,3414,17108
1801,2818,7073
1802,2818,12024
1803,2818,2980
1804,2818,7015
1805,2818,11938
1806,2818,3462
1807,2818,10073
1808,615,552
1809,615,625
1810,552,15282
1811,6365,9322
1812,2618,2814
1813,2814,2793
1814,2645,2646
1815,2645,9397
1816,2645,2614
1817,2645,2800
1818,2646,2770
1819,2646,14778
1820,2646,14947
1821,9397,9390
1822,2614,15330
1823,10409,4607
1824,10409,6902
1825,10409,10270
1826,10409,14193
1827,10409,6395
1828,10409,6895
1829,10409,10389
1830,4607,4606
1831,4607,17366
1832,4607,4495
1833,4607,5802
1834,4607,4433
1835,4607,10266
1836,4607,4509
1837,4607,4614
1838,4607,4430
1839,4607,2563
1840,5308,7064
1841,5308,5313
1842,5308,10178
1843,5308,11929
1844,5308,2817
1845,5308,1594
1846,7064,7020
1847,7064,7065
1848,7064,11950
1849,1834,1819
1850,1834,1588
1851,1834,17395
1852,1834,1905
1853,1819,1859
1854,4992,14210
1855,4992,15164
1856,4992,17590
1857,1918,14434
1858,7615,7537
1859,7615,7592
1860,7615,7550
1861,7615,7602
1862,7615,14950
1863,7618,2987
1864,7618,2509
1865,7618,7534
1866,9496,9494
1867,9496,9395
1868,9496,9393
1869,9496,9386
1870,9496,9492
1871,9493,18124
1872,9493,9504
1873,18124,597
1874,18124,1586
1875,18124,7529
1876,18124,4998
1877,18124,5511
1878,18124,14554
1879,14604,15964
1880,14604,3213
1881,14604,15471
1882,15964,3227
1883,15964,16077
1884,15964,3209
1885,15964,7060
1886,550,545
1887,550,14519
1888,550,631
1889,15327,2748
1890,15327,2772
1891,14814,3261
1892,14814,3249
1893,14814,3451
1894,3227,3393
1895,10857,7069
1896,10857,10956
1897,10857,12007
1898,10857,10191
1899,10857,10861
1900,10857,18231
1901,10857,10962
1902,10857,10859
1903,10857,10960
1904,7069,7102
1905,7069,7068
1906,10956,10958
1907,10956,10963
1908,10956,12023
1909,10956,18230
1910,10621,10604
1911,10621,17022
1912,10621,10544
1913,10621,10548
1914,10621,10533
1915,10604,10601
1916,10184,11937
1917,10184,10187
1918,10184,10194
1919,10184,10191
1920,10184,10859
1921,10184,10192
1922,10184,5315
1923,11937,7102
1924,10187,12021
1925,15124,14182
1926,15124,8224
1927,15124,8368
1928,15124,8259
1929,2510,15742
1930,15742,17607
1931,15742,8210
1932,920,3509
1933,920,919
1934,920,3464
1935,920,3500
1936,920,3465
1937,920,17126
1938,920,1427
1939,3509,3497
1940,3509,12026
1941,919,3455
1942,919,934
1943,17661,2651
1944,2651,17352
1945,2651,2658
1946,17662,2667
1947,17662,2776
1948,2667,2754
1949,2667,2628
1950,6306,208
1951,6306,17269
1952,6306,6409
1953,6306,6315
1954,6306,6407
1955,208,17563
1956,208,6408
1957,2791,15330
1958,2791,2753
1959,15330,2617
1960,15330,2616
1961,10524,10534
1962,10524,10570
1963,10524,10535
1964,4445,1876
1965,1876,2770
1966,1876,4479
1967,1876,1824
1968,1876,18083
1969,17351,2607
1970,2607,2634
1971,2793,2616
1972,2616,17352
1973,2616,2665
1974,11933,12026
1975,11933,3464
1976,11933,11934
1977,11933,7007
1978,11933,10183
1979,11933,2817
1980,11933,5315
1981,12026,7100
1982,12026,7062
1983,12026,2817
1984,12026,10962
1985,3464,2597
1986,11934,3466
1987,1560,3738
1988,1560,8299
1989,8299,4162
1990,8299,1596
1991,8299,8289
1992,8299,7217
1993,8299,7222
1994,2655,17355
1995,17355,2636
1996,7413,12006
1997,7413,12004
1998,7413,7410
1999,6895,14193
2000,17232,2536
2001,17232,15313
2002,12023,11944
2003,12023,12021
2004,14004,3497
2005,14004,5312
2006,3507,3459
2007,7592,7562
2008,7592,1594
2009,7592,7541
2010,1827,14432
2011,1827,1905
2012,1827,1935
2013,10189,10080
2014,10189,10070
2015,10189,7410
2016,10189,11945
2017,10189,12016
2018,10189,7216
2019,3497,934
2020,3497,3502
2021,3497,12013
2022,3497,3461
2023,934,929
2024,934,939
2025,934,3466
2026,3502,11944
2027,10550,10600
2028,10550,10595
2029,11944,2266
2030,11944,12007
2031,11944,11950
2032,11944,12025
2033,12021,17433
2034,12021,2266
2035,12021,3501
2036,12021,3511
2037,12021,10960
2038,14778,15788
2039,14778,1884
2040,14778,2463
2041,15788,14507
2042,5638,5610
2043,5610,4615
2044,409,435
2045,409,455
2046,435,17163
2047,435,17599
2048,1882,1894
2049,1882,4429
2050,15264,3256
2051,15264,3225
2052,15264,3442
2053,15264,3265
2054,17251,3774
2055,17251,3813
2056,17251,14582
2057,17251,3801
2058,1880,1968
2059,1880,448
2060,1880,1843
2061,1880,4499
2062,1880,4406
2063,1880,14895
2064,1880,1845
2065,448,15241
2066,448,494
2067,448,445
2068,448,6395
2069,448,14554
2070,448,6331
2071,448,6339
2072,1843,1908
2073,1843,1906
2074,1843,1917
2075,1843,1850
2076,4499,4442
2077,4499,10392
2078,15266,3384
2079,3434,3213
2080,3434,3246
2081,3434,3230
2082,3434,1594
2083,3213,14760
2084,15210,3225
2085,15210,3242
2086,15210,15881
2087,4606,10268
2088,4606,15683
2089,4606,15761
2090,4606,4471
2091,4606,1887
2092,4606,17590
2093,4606,17992
2094,17366,3814
2095,17366,5926
2096,17366,5921
2097,17366,18174
2098,17366,4615
2099,9029,2104
2100,9029,15280
2101,7804,4491
2102,7804,4439
2103,7804,1579
2104,7804,7705
2105,7804,4510
2106,4491,8759
2107,4491,1884
2108,4439,4510
2109,10586,10577
2110,10577,10559
2111,3248,3265
2112,3248,3247
2113,3265,3226
2114,3265,15878
2115,1823,1855
2116,1823,1859
2117,1848,14791
2118,2800,15812
2119,1894,1799
2120,1894,1784
2121,4495,4443
2122,4495,4446
2123,4495,4494
2124,4495,4413
2125,6311,6331
2126,6331,5208
2127,6331,6408
2128,3378,3277
2129,3378,3223
2130,3277,3413
2131,3277,3408
2132,3277,3235
2133,1217,1104
2134,1217,5305
2135,1217,1018
2136,1217,1590
2137,1217,18127
2138,8347,8364
2139,8347,14857
2140,8364,17345
2141,17608,14555
2142,17608,2564
2143,17608,8197
2144,10539,10522
2145,10539,10565
2146,10539,10589
2147,10539,10563
2148,10522,10563
2149,7102,7100
2150,7102,5208
2151,7102,11927
2152,7102,12009
2153,7102,10192
2154,7102,7216
2155,7100,7222
2156,7100,1586
2157,2770,2635
2158,2770,587
2159,10543,10579
2160,10579,10584
2161,10579,10619
2162,10963,12010
2163,10963,12006
2164,10963,10563
2165,17592,4484
2166,9028,9124
2167,9028,15241
2168,9028,1589
2169,9124,9091
2170,10511,10580
2171,17097,2785
2172,17097,17349
2173,3453,3218
2174,3453,3220
2175,3218,3421
2176,3218,3222
2177,7616,7554
2178,7616,7563
2179,7554,7596
2180,7554,7559
2181,5513,14520
2182,5513,5511
2183,5513,5027
2184,1892,18255
2185,6346,6409
2186,2560,7012
2187,2560,7614
2188,2560,2540
2189,2560,2598
2190,7012,2554
2191,7012,7217
2192,7012,15253
2193,7614,7560
2194,7614,7609
2195,4429,4489
2196,4429,4411
2197,4429,4428
2198,4489,14459
2199,4489,4505
2200,4489,4479
2201,4411,15353
2202,15185,14500
2203,15185,506
2204,14500,388
2205,10595,10608
2206,10595,10531
2207,17329,9256
2208,17329,9307
2209,17329,9242
2210,15344,16085
2211,15344,8404
2212,8302,8245
2213,8302,14580
2214,8302,8283
2215,8302,14555
2216,8245,2522
2217,14580,14132
2218,14580,8199
2219,14580,18256
2220,17346,8275
2221,4484,17109
2222,4484,4472
2223,17109,5809
2224,8264,14554
2225,14554,14527
2226,14554,8319
2227,14554,15053
2228,14554,18126
2229,14554,16085
2230,14787,1791
2231,1791,14790
2232,7211,10071
2233,7211,12020
2234,7211,2463
2235,10071,10180
2236,10071,10858
2237,10071,2597
2238,10071,7222
2239,7073,7217
2240,7073,14485
2241,7073,7007
2242,7560,2990
2243,8190,8231
2244,8190,8207
2245,8190,18155
2246,1214,2599
2247,7779,4431
2248,7779,4487
2249,7779,4430
2250,4431,4505
2251,462,416
2252,3452,1590
2253,4444,1884
2254,1884,1781
2255,1375,3457
2256,1375,14527
2257,1375,8184
2258,1375,1591
2259,3457,3498
2260,14527,6681
2261,14527,8354
2262,14647,15851
2263,14647,15279
2264,1011,1209
2265,1011,1578
2266,1011,1014
2267,18106,3816
2268,10509,10569
2269,10509,10521
2270,10569,7065
2271,10569,10570
2272,3429,16196
2273,16196,16077
2274,16196,3404
2275,3746,3818
2276,3746,3732
2277,3746,3734
2278,3818,17132
2279,2617,2785
2280,431,17597
2281,9281,4998
2282,4998,9308
2283,4998,1213
2284,4998,17380
2285,4998,1018
2286,14581,16085
2287,14459,3455
2288,14459,5926
2289,1838,18173
2290,1838,1902
2291,1838,1911
2292,1838,1451
2293,10565,10528
2294,10565,3506
2295,10565,10598
2296,10565,18018
2297,18126,7687
2298,18126,5511
2299,17461,9039
2300,17464,9106
2301,17464,17465
2302,17464,9102
2303,9106,14627
2304,1584,2990
2305,14785,18033
2306,15241,7631
2307,15241,14193
2308,15241,2188
2309,15241,443
2310,7631,7687
2311,7631,7629
2312,7631,2528
2313,14193,17271
2314,14193,1568
2315,14193,6321
2316,2188,15856
2317,2188,2528
2318,1567,10567
2319,1567,8294
2320,1567,2499
2321,1567,2538
2322,924,3467
2323,924,15376
2324,924,3462
2325,3467,3469
2326,15376,910
2327,15376,3466
2328,5511,15203
2329,5511,575
2330,5511,5514
2331,5511,538
2332,5511,18174
2333,5511,18154
2334,5511,14627
2335,5511,14587
2336,16077,3395
2337,16077,3272
2338,16077,3418
2339,3498,11949
2340,11949,7068
2341,11949,10086
2342,11949,7018
2343,11949,15026
2344,10563,1599
2345,10563,10567
2346,10563,7060
2347,10563,10561
2348,10185,10074
2349,3733,3781
2350,3781,3814
2351,5307,7070
2352,5307,7222
2353,5307,2499
2354,5307,17564
2355,5307,10179
2356,5307,10861
2357,9495,9502
2358,10188,5211
2359,10188,10082
2360,10188,12028
2361,9391,9509
2362,9509,5926
2363,3469,939
2364,7589,3455
2365,7589,15164
2366,14012,3459
2367,2796,14947
2368,2796,2779
2369,2796,2633
2370,2796,2754
2371,547,609
2372,10516,10597
2373,10597,10599
2374,14602,3413
2375,14602,3398
2376,3752,3797
2377,3752,1563
2378,15026,939
2379,3769,3757
2380,3769,3823
2381,3757,3810
2382,388,478
2383,388,446
2384,446,14210
2385,446,14485
2386,446,502
2387,446,6339
2388,446,2596
2389,7903,5514
2390,7903,621
2391,5514,5027
2392,14889,15133
2393,15079,7598
2394,15079,7535
2395,15079,15080
2396,7535,7623
2397,7535,7593
2398,7535,7603
2399,10605,10559
2400,10605,10529
2401,9269,9315
2402,5804,17132
2403,5804,15761
2404,5804,15353
2405,5804,4486
2406,17132,17603
2407,17132,3816
2408,17132,15314
2409,15761,15353
2410,17604,3821
2411,4162,8205
2412,4162,18134
2413,4162,540
2414,4162,14529
2415,4162,8222
2416,8205,15323
2417,8205,8427
2418,8205,8225
2419,18134,8226
2420,18134,8356
2421,7222,11930
2422,1586,14485
2423,1586,14129
2424,1586,15253
2425,1586,1588
2426,7007,7063
2427,7007,7068
2428,7007,7019
2429,7063,2503
2430,7063,7018
2431,7063,7015
2432,1875,14791
2433,1875,17517
2434,1875,17156
2435,17517,15030
2436,17517,1578
2437,10270,10392
2438,10270,15403
2439,10270,6312
2440,10270,10265
2441,14947,17697
2442,10507,18018
2443,597,14485
2444,597,599
2445,597,611
2446,597,7060
2447,597,6681
2448,597,569
2449,14485,5812
2450,14485,1104
2451,14485,3255
2452,14485,1607
2453,15397,3468
2454,15397,917
2455,3468,3455
2456,917,3455
2457,917,928
2458,14210,17995
2459,14210,17268
2460,14210,6305
2461,14210,582
2462,17995,15164
2463,17995,5027
2464,17995,14634
2465,5926,14136
2466,15044,7059
2467,15044,15308
2468,2754,2661
2469,2661,2633
2470,14632,17458
2471,14632,9103
2472,14632,9002
2473,17458,8999
2474,3810,3776
2475,3810,3807
2476,2980,12022
2477,2980,2596
2478,10180,10961
2479,10180,11947
2480,3813,18107
2481,3813,3791
2482,10568,10603
2483,10568,10547
2484,10603,16096
2485,10603,10611
2486,10070,11945
2487,10070,10179
2488,14790,1915
2489,14790,17638
2490,14790,1820
2491,15282,609
2492,15282,548
2493,15282,7070
2494,15282,7015
2495,15282,15312
2496,2266,12014
2497,2266,10193
2498,2266,7215
2499,16096,10601
2500,17161,494
2501,494,469
2502,494,14766
2503,494,456
2504,17268,6304
2505,14821,3450
2506,14821,5311
2507,14821,3262
2508,14821,3224
2509,5311,11950
2510,5311,1018
2511,5311,10072
2512,5311,10077
2513,5311,1603
2514,11950,3455
2515,11950,2599
2516,10072,12018
2517,10072,5216
2518,10072,12006
2519,8356,14964
2520,8356,14584
2521,8356,1568
2522,14767,1902
2523,6382,445
2524,4514,4478
2525,4478,4447
2526,9037,9018
2527,9037,1575
2528,9018,14626
2529,9018,9035
2530,9018,9031
2531,8210,8419
2532,1922,1913
2533,5027,2495
2534,5027,6388
2535,5812,327
2536,327,5809
2537,3270,3243
2538,3270,3416
2539,17352,2750
2540,17352,2648
2541,3256,3398
2542,7947,7858
2543,7947,17315
2544,7947,14916
2545,3455,3511
2546,3455,916
2547,7215,10079
2548,7215,2597
2549,7215,7408
2550,7215,12025
2551,10079,10086
2552,10079,7068
2553,17266,1958
2554,17266,1952
2555,929,3511
2556,929,3501
2557,3808,17603
2558,3808,3802
2559,3808,3809
2560,3808,3731
2561,14626,14622
2562,14857,8281
2563,8283,2552
2564,8283,15059
2565,14840,17164
2566,14840,17599
2567,15203,537
2568,498,587
2569,587,584
2570,587,617
2571,2634,17741
2572,17741,2769
2573,17741,2781
2574,12022,10078
2575,12022,12020
2576,12022,12010
2577,12022,11943
2578,12022,7019
2579,10078,10085
2580,12018,3500
2581,14789,1792
2582,17243,1014
2583,17218,1805
2584,3776,3819
2585,3776,3737
2586,7687,1588
2587,7687,4433
2588,17345,8384
2589,17482,9339
2590,1573,5208
2591,1573,2551
2592,7552,7620
2593,7552,7530
2594,10526,17033
2595,478,17596
2596,3209,3271
2597,1015,1012
2598,4506,4475
2599,16019,6319
2600,16019,14970
2601,6319,17270
2602,2769,2648
2603,2769,2604
2604,2648,2781
2605,1908,1907
2606,1908,1950
2607,1908,1853
2608,1907,1906
2609,1907,14438
2610,2781,2612
2611,2781,2619
2612,10195,10193
2613,10567,7011
2614,10567,10572
2615,10567,1589
2616,8294,15059
2617,8294,14964
2618,2518,8383
2619,8383,15142
2620,15541,1906
2621,15541,17155
2622,15541,2555
2623,1104,4490
2624,1104,9027
2625,1104,7010
2626,1104,15293
2627,3255,3219
2628,15031,7011
2629,15031,6381
2630,15031,7010
2631,15031,10074
2632,7011,10194
2633,7011,15253
2634,7011,7070
2635,6381,14969
2636,8212,14769
2637,14969,6320
2638,6320,6390
2639,3819,3750
2640,3819,17247
2641,9387,9409
2642,11930,3506
2643,11930,5305
2644,3506,12019
2645,575,584
2646,575,582
2647,6344,17116
2648,15886,9395
2649,9395,15111
2650,9395,14540
2651,14129,8239
2652,4493,4434
2653,17655,17380
2654,17655,7860
2655,17606,17394
2656,17394,1606
2657,17607,17343
2658,17607,2551
2659,17607,2554
2660,17607,2542
2661,2597,7601
2662,2597,12029
2663,2597,3459
2664,2597,10081
2665,2597,11946
2666,7601,7538
2667,8231,8189
2668,8231,15142
2669,5214,1020
2670,4505,4508
2671,7529,7550
2672,7529,7536
2673,7550,7611
2674,7550,7547
2675,7536,7549
2676,7536,7593
2677,7538,7534
2678,7538,7556
2679,7538,2535
2680,7538,7545
2681,7549,7621
2682,8226,8262
2683,8226,14797
2684,4424,4475
2685,7062,582
2686,6330,14970
2687,6330,6366
2688,584,3421
2689,584,15090
2690,415,484
2691,2665,2777
2692,10599,10570
2693,10570,17563
2694,12019,10193
2695,12019,2598
2696,4503,4487
2697,4487,4490
2698,540,629
2699,540,565
2700,8228,8323
2701,1596,1582
2702,430,505
2703,638,15202
2704,496,14766
2705,10194,7010
2706,15164,2504
2707,14760,3803
2708,14760,8239
2709,3803,3795
2710,1578,1577
2711,1577,3264
2712,1577,2496
2713,9321,9312
2714,9321,14634
2715,9321,7868
2716,9312,9243
2717,7068,12027
2718,1606,2543
2719,17343,15323
2720,3459,12004
2721,612,544
2722,10084,11946
2723,10084,10075
2724,10084,10081
2725,10075,5208
2726,7542,7605
2727,7542,7623
2728,7542,15081
2729,9131,9020
2730,3430,3417
2731,3417,3391
2732,10589,10575
2733,10589,13036
2734,548,562
2735,548,567
2736,548,14516
2737,14823,8207
2738,14823,8185
2739,8207,1562
2740,14613,14096
2741,4490,15856
2742,15856,4496
2743,15856,4437
2744,14915,9286
2745,14915,7939
2746,9286,9276
2747,3391,15878
2748,7217,10178
2749,15375,928
2750,15375,15211
2751,15375,2505
2752,3820,3802
2753,3264,3205
2754,8249,8371
2755,5210,7065
2756,6385,6392
2757,12004,10085
2758,2558,4438
2759,4438,4508
2760,10545,10518
2761,10545,15193
2762,15345,8189
2763,15345,14579
2764,15345,8215
2765,8189,15143
2766,3750,3804
2767,15314,14584
2768,12014,10856
2769,10856,10860
2770,10856,7060
2771,10957,5208
2772,10074,7010
2773,3272,14822
2774,7942,17480
2775,7942,9246
2776,7556,7621
2777,7556,7530
2778,17127,14428
2779,7858,7861
2780,14841,445
2781,14623,9032
2782,7623,7587
2783,1937,1784
2784,7070,207
2785,3386,3418
2786,9027,613
2787,2556,1917
2788,6310,6405
2789,6310,15402
2790,15148,15364
2791,15353,9404
2792,7010,9506
2793,9310,7945
2794,15143,7629
2795,10592,10593
2796,10592,15753
2797,10592,1517
2798,9404,9498
2799,9404,5802
2800,17160,16087
2801,6384,6411
2802,7584,7620
2803,2750,2762
2804,3339,4441
2805,12027,5312
2806,12027,10069
2807,209,9276
2808,17315,14912
2809,6308,5312
2810,416,15090
2811,416,14467
2812,620,617
2813,7065,7409
2814,7603,7604
2815,7604,7555
2816,7604,7547
2817,502,487
2818,17563,10575
2819,566,629
2820,2787,2633
